{"New York Knicks": 100.33333333333333, "Los Angeles Lakers": 102.0, "Memphis Grizzlies": 97.95348837209302, "San Antonio Spurs": 91.48780487804878, "New Orleans Pelicans": 100.69047619047619, "Houston Rockets": 100.04651162790698, "Detroit Pistons": 100.14285714285714, "Boston Celtics": 99.73809523809524, "Miami Heat": 97.47619047619048, "Orlando Magic": 95.39024390243902, "Portland Trail Blazers": 100.91111111111111, "Golden State Warriors": 104.69047619047619, "Chicago Bulls": 98.025, "Washington Wizards": 98.6, "Dallas Mavericks": 98.32558139534883, "Sacramento Kings": 103.7, "Los Angeles Clippers": 103.12820512820512, "Oklahoma City Thunder": 102.88636363636364, "Charlotte Hornets": 99.85714285714286, "Milwaukee Bucks": 93.22222222222223, "Toronto Raptors": 97.11904761904762, "Utah Jazz": 95.92857142857143, "Phoenix Suns": 101.0952380952381, "Minnesota Timberwolves": 100.25, "Philadelphia 76ers": 102.53658536585365, "Cleveland Cavaliers": 90.8974358974359, "Atlanta Hawks": 98.55813953488372, "Brooklyn Nets": 97.58536585365853, "Indiana Pacers": 101.54761904761905, "Denver Nuggets": 101.30232558139535}