{"New York Knicks": 306.8, "Los Angeles Lakers": 283.8636363636364, "Memphis Grizzlies": 289.7674418604651, "San Antonio Spurs": 284.5121951219512, "New Orleans Pelicans": 277.6190476190476, "Houston Rockets": 277.74418604651163, "Detroit Pistons": 262.07142857142856, "Boston Celtics": 278.42857142857144, "Miami Heat": 277.85714285714283, "Orlando Magic": 280.5853658536585, "Portland Trail Blazers": 279.4, "Golden State Warriors": 294.1666666666667, "Chicago Bulls": 272.675, "Washington Wizards": 267.1, "Dallas Mavericks": 283.9767441860465, "Sacramento Kings": 266.55, "Los Angeles Clippers": 274.87179487179486, "Oklahoma City Thunder": 264.3863636363636, "Charlotte Hornets": 275.85714285714283, "Milwaukee Bucks": 262.2888888888889, "Toronto Raptors": 283.54761904761904, "Utah Jazz": 312.6190476190476, "Phoenix Suns": 279.73809523809524, "Minnesota Timberwolves": 275.5, "Philadelphia 76ers": 297.0487804878049, "Cleveland Cavaliers": 255.92307692307693, "Atlanta Hawks": 265.25581395348837, "Brooklyn Nets": 262.9024390243902, "Indiana Pacers": 279.92857142857144, "Denver Nuggets": 291.27906976744185}