{"Los Angeles Lakers": 68974.57447752672, "Memphis Grizzlies": 67030.05486400246, "San Antonio Spurs": 68357.22335089806, "New Orleans Pelicans": 70620.32532809718, "Chicago Bulls": 67845.40742956423, "Houston Rockets": 64630.54988975967, "Detroit Pistons": 65355.328237452115, "Boston Celtics": 65348.30095850277, "Miami Heat": 68407.00204538504, "Orlando Magic": 69160.10952943313, "Portland Trail Blazers": 72160.1734827768, "Golden State Warriors": 65188.0811401014, "New York Knicks": 69322.31939130762, "Washington Wizards": 70252.89574212562, "Dallas Mavericks": 65834.44423083395, "Sacramento Kings": 70145.87861748453, "Los Angeles Clippers": 68609.95331114577, "Oklahoma City Thunder": 68355.67874444212, "Charlotte Hornets": 69033.0076148144, "Milwaukee Bucks": 65576.47802913318, "Toronto Raptors": 70674.5791589189, "Utah Jazz": 71785.1421598369, "Phoenix Suns": 64973.175876241374, "Minnesota Timberwolves": 70463.77624254812, "Philadelphia 76ers": 72918.44409362685, "Cleveland Cavaliers": 61394.507558409365, "Atlanta Hawks": 65988.89458414758, "Brooklyn Nets": 64698.169190822875, "Indiana Pacers": 69332.85243716973, "Denver Nuggets": 66258.02744760545}